<MigrationProcessCSVMetadataVO>
   <MigrationProcessCSVMetadataVORow>
      <ProcessId>-999</ProcessId>
      <ProcessName>Manage Orchestration Process Definitions_20240521_093947_028</ProcessName>
      <ProcessDescription>Manage Orchestration Process Definitions_20240521_093947_028</ProcessDescription>
      <ProcessDate>2024-05-21 09:41:16.717</ProcessDate>
      <ObjectShortName>DOO_MANAGE_ORCHESTRATION_PROCESS_DEFINITIONS</ObjectShortName>
      <ObjectType>TASK</ObjectType>
      <CreatedByFlow>TASK_CSV_SERVICE</CreatedByFlow>
      <ProcessType>EXPORT</ProcessType>
      <ProcessStatus>COMPLETED</ProcessStatus>
      <ProcessEnv>esds-dev9</ProcessEnv>
      <ProcessStartDate>2024-05-21 09:39:47.319</ProcessStartDate>
      <ProcessEndDate>2024-05-21 09:41:16.717</ProcessEndDate>
      <ProcessRelease>11.13.24.04.0</ProcessRelease>
      <SubmittedBy>CURTIS.FEITTY</SubmittedBy>
      <ESSRequestId>7706582</ESSRequestId>
      <MigrationProcessBusinessObjectCSVMetadata1>
         <MigrationProcessBusinessObjectCSVMetadataVORow>
            <ProcessId>-999</ProcessId>
            <BusinessObjectShortName>ORA_DOO_TRANS_ORCH_PROCC_STEP_DEF</BusinessObjectShortName>
            <BatchName>ProcessDefinitionSetupVO</BatchName>
            <XmlAttributeList>SourceLang,Language,StepName,SplitUnitDisplayName</XmlAttributeList>
            <XmlAttributeTypeList>string,string,string,string</XmlAttributeTypeList>
            <XmlNodePath>/ProcessDefinitionSetupVO/ProcessDefinitionSetupVORow/ProcessStepDefinitionSetup/ProcessStepDefinitionSetupVORow/OA_TL_ENTITIES/ProcessStepDefinitionTranslationSetupVORow</XmlNodePath>
            <NodeSequence>6</NodeSequence>
         </MigrationProcessBusinessObjectCSVMetadataVORow>
         <MigrationProcessBusinessObjectCSVMetadataVORow>
            <ProcessId>-999</ProcessId>
            <BusinessObjectShortName>ORA_DOO_ORCHESTRATION_PROCESS_RULE_DICTIONARY</BusinessObjectShortName>
            <BatchName>RuleDictionarySetupVO</BatchName>
            <XmlAttributeList>CreatedBy,LastUpdatedBy,RuleDictionary,RuleDictionaryName,RuleDictionaryOwner,RuleDictionaryVersion</XmlAttributeList>
            <XmlAttributeTypeList>string,string,clob,string,string,int</XmlAttributeTypeList>
            <XmlNodePath>/RuleDictionarySetupVO/RuleDictionarySetupVORow</XmlNodePath>
            <NodeSequence>3</NodeSequence>
         </MigrationProcessBusinessObjectCSVMetadataVORow>
         <MigrationProcessBusinessObjectCSVMetadataVORow>
            <ProcessId>-999</ProcessId>
            <BusinessObjectShortName>ORA_DOO_ORCHESTRATION_PROCESS_STATUS_COND</BusinessObjectShortName>
            <BatchName>ProcessStatusConditionSetupVO</BatchName>
            <XmlAttributeList>OrchestrationApplicationCode,StatusCode,SequenceNumber,ProcessName,DooProcessVersion,NotifyFlag,CreatedBy,LastUpdatedBy,ConditionDisplayTaskCode</XmlAttributeList>
            <XmlAttributeTypeList>string,string,int,string,long,string,string,string,string</XmlAttributeTypeList>
            <XmlNodePath>/ProcessStatusConditionSetupVO/ProcessStatusConditionSetupVORow</XmlNodePath>
            <NodeSequence>11</NodeSequence>
         </MigrationProcessBusinessObjectCSVMetadataVORow>
         <MigrationProcessBusinessObjectCSVMetadataVORow>
            <ProcessId>-999</ProcessId>
            <BusinessObjectShortName>ORA_DOO_ORCHESTRATION_PROCESS_TRANS</BusinessObjectShortName>
            <BatchName>ProcessDefinitionSetupVO</BatchName>
            <XmlAttributeList>Description,Language,DooProcessVersion,SourceLang,ProcessDisplayName</XmlAttributeList>
            <XmlAttributeTypeList>string,string,long,string,string</XmlAttributeTypeList>
            <XmlNodePath>/ProcessDefinitionSetupVO/ProcessDefinitionSetupVORow/OA_TL_ENTITIES/ProcessDefinitionTranslationSetupVORow</XmlNodePath>
            <NodeSequence>7</NodeSequence>
         </MigrationProcessBusinessObjectCSVMetadataVORow>
         <MigrationProcessBusinessObjectCSVMetadataVORow>
            <ProcessId>-999</ProcessId>
            <BusinessObjectShortName>ORA_DOO_TRANS_ORCH_PROCC_ACTV</BusinessObjectShortName>
            <BatchName>OrchestrationActivityDefinitionSetupVO</BatchName>
            <XmlAttributeList>Subject,Description,Language,SourceLang</XmlAttributeList>
            <XmlAttributeTypeList>string,string,string,string</XmlAttributeTypeList>
            <XmlNodePath>/OrchestrationActivityDefinitionMigrationVO/OrchestrationActivityDefinitionMigrationVORow/OA_TL_ENTITIES/OrchestrationActivityDefinitionMigrationTranslationSetupVORow</XmlNodePath>
            <NodeSequence>10</NodeSequence>
         </MigrationProcessBusinessObjectCSVMetadataVORow>
         <MigrationProcessBusinessObjectCSVMetadataVORow>
            <ProcessId>-999</ProcessId>
            <BusinessObjectShortName>ORA_DOO_ORCHESTRATION_PROCESS_STATUS_RULE_SET_TRANS</BusinessObjectShortName>
            <BatchName>StatusRuleSetASMSetupVO</BatchName>
            <XmlAttributeList>Name,Language,SourceLang</XmlAttributeList>
            <XmlAttributeTypeList>string,string,string</XmlAttributeTypeList>
            <XmlNodePath>/StatusRuleSetASMSetupVO/StatusRuleSetASMSetupVORow/OA_TL_ENTITES/StatusRuleSetASMTranslationSetupVORow</XmlNodePath>
            <NodeSequence>1</NodeSequence>
         </MigrationProcessBusinessObjectCSVMetadataVORow>
         <MigrationProcessBusinessObjectCSVMetadataVORow>
            <ProcessId>-999</ProcessId>
            <BusinessObjectShortName>ORA_DOO_ORCHESTRATION_PROCESS_STATUS_RULE_SET</BusinessObjectShortName>
            <BatchName>StatusRuleSetASMSetupVO</BatchName>
            <XmlAttributeList>OrchestrationApplicationCode,CreatedBy,LastUpdatedBy,Name,StatusRulesetCode</XmlAttributeList>
            <XmlAttributeTypeList>string,string,string,string,string</XmlAttributeTypeList>
            <XmlNodePath>/StatusRuleSetASMSetupVO/StatusRuleSetASMSetupVORow</XmlNodePath>
            <NodeSequence>12</NodeSequence>
         </MigrationProcessBusinessObjectCSVMetadataVORow>
         <MigrationProcessBusinessObjectCSVMetadataVORow>
            <ProcessId>-999</ProcessId>
            <BusinessObjectShortName>ORA_DOO_ORCHESTRATION_PROCESS_STATUS_RULE_SET_ASSIGN</BusinessObjectShortName>
            <BatchName>StatusRuleSetAssignmentSetupVO</BatchName>
            <XmlAttributeList>OrchestrationApplicationCode,StatusRulesetCode,ProcessName,DooProcessVersion,CatalogCode,CreatedBy,LastUpdatedBy,CategoryIdTrans,ParentCategoryIdTrans</XmlAttributeList>
            <XmlAttributeTypeList>string,string,string,long,string,string,string,string,string</XmlAttributeTypeList>
            <XmlNodePath>/StatusRuleSetAssignmentSetupVO/StatusRuleSetAssignmentSetupVORow</XmlNodePath>
            <NodeSequence>2</NodeSequence>
         </MigrationProcessBusinessObjectCSVMetadataVORow>
         <MigrationProcessBusinessObjectCSVMetadataVORow>
            <ProcessId>-999</ProcessId>
            <BusinessObjectShortName>ORA_DOO_ORCHESTRATION_PROCESS_STEP_DEFINITION</BusinessObjectShortName>
            <BatchName>ProcessDefinitionSetupVO</BatchName>
            <XmlAttributeList>OrchestrationApplicationCode,CheckWithFsBeforeChange,CompPatternRlsId,CompPatternRlsName,CustomerLastStepFlag,DefaultBranchFlag,DefaultExitStatusCode,DefaultLeadTime,DefaultLeadTimeUom,DooProcessVersion,ExitCriteriaStatusCode,HoldOnWait,LeadTimeRlsId,LeadTimeRlsName,ManualStepFlag,ParentStepNumber,PreviousVersionStepId,ReuseLabel,SplitUnitName,StepFilterRlsId,StepFilterRlsName,StepName,StepNumber,StepType,SubProcessVersion,SwitchConditionEvalSeq,SwitchRlsId,SwitchRlsName,UseDynamicAttrInDeltaComp,UseFlexAttrInDeltaComp,ServiceCode,CreatedBy,LastUpdatedBy,OtherwiseFlag,StartAfterCondRlsId,StartAfterCondRlsName,StartDateActive,EndDateActive,SubProcessIdentifier,HoldServiceCode,CancelServiceCode,UpdateServiceCode,TaskCode,SplitableFlag</XmlAttributeList>
            <XmlAttributeTypeList>string,string,string,string,string,string,string,decimal,string,long,string,string,string,string,string,long,long,string,string,string,string,string,int,string,long,decimal,string,string,string,string,string,string,string,string,string,string,date,date,long,string,string,string,string,string</XmlAttributeTypeList>
            <XmlNodePath>/ProcessDefinitionSetupVO/ProcessDefinitionSetupVORow/ProcessStepDefinitionSetup/ProcessStepDefinitionSetupVORow</XmlNodePath>
            <NodeSequence>5</NodeSequence>
         </MigrationProcessBusinessObjectCSVMetadataVORow>
         <MigrationProcessBusinessObjectCSVMetadataVORow>
            <ProcessId>-999</ProcessId>
            <BusinessObjectShortName>ORA_DOO_ORCHESTRATION_STEP_DEPENDENCY</BusinessObjectShortName>
            <BatchName>StepDependencyMigrationVO</BatchName>
            <XmlAttributeList>BranchType,DooProcessVersion,StepNumber,ProcessName,DooProcessVersion1,StepNumber1,StepNumber2,LastUpdatedBy,CreatedBy,OrchestrationApplicationId</XmlAttributeList>
            <XmlAttributeTypeList>string,long,int,string,long,int,int,string,string,long</XmlAttributeTypeList>
            <XmlNodePath>/StepDependencyMigrationVO/StepDependencyMigrationVORow</XmlNodePath>
            <NodeSequence>8</NodeSequence>
         </MigrationProcessBusinessObjectCSVMetadataVORow>
         <MigrationProcessBusinessObjectCSVMetadataVORow>
            <ProcessId>-999</ProcessId>
            <BusinessObjectShortName>DOO_ORCHESTRATION_PROCESS</BusinessObjectShortName>
            <BatchName>ProcessDefinitionSetupVO</BatchName>
            <XmlAttributeList>DooProcessVersion,OrchestrationApplicationCode,MainProcessFlag,CompositeNameSpace,DeployedBpelVersion,EffectiveEndDate,EffectiveStartDate,EssFlag,ProcessName,ProcessReleaseStatusCode,ReplanFlag,UseDynamicAttrInDeltaComp,UseFlexAttrInDeltaComp,CostOfChangeRlsId,CostOfChangeRlsName,CreatedBy,LastUpdatedBy,SetCode,RuleDictionaryName,RuleDictionaryVersion,ChangeManagementMode,CatalogCode,ExecutionTypeCode,ProcessIdentifier,ProcessClassCode,OrchestrationTypeCode,MetadataOrchFlag</XmlAttributeList>
            <XmlAttributeTypeList>long,string,string,string,int,date,date,string,string,string,string,string,string,string,string,string,string,string,string,int,string,string,string,long,string,string,string</XmlAttributeTypeList>
            <XmlNodePath>/ProcessDefinitionSetupVO/ProcessDefinitionSetupVORow</XmlNodePath>
            <NodeSequence>4</NodeSequence>
         </MigrationProcessBusinessObjectCSVMetadataVORow>
         <MigrationProcessBusinessObjectCSVMetadataVORow>
            <ProcessId>-999</ProcessId>
            <BusinessObjectShortName>ORA_DOO_ORCHESTRATION_PROCESS_ACTIVITY</BusinessObjectShortName>
            <BatchName>OrchestrationActivityDefinitionSetupVO</BatchName>
            <XmlAttributeList>ActivityTypeCode,CreatedBy,JobDefinitionName,JobDefinitionPackage,LastUpdatedBy,RequestId,TemplateId,OrchestrationApplicationId,ServiceCode,StepNumber,DooProcessVersion,ProcessName</XmlAttributeList>
            <XmlAttributeTypeList>string,string,string,string,string,long,string,long,string,int,long,string</XmlAttributeTypeList>
            <XmlNodePath>/OrchestrationActivityDefinitionMigrationVO/OrchestrationActivityDefinitionMigrationVORow</XmlNodePath>
            <NodeSequence>9</NodeSequence>
         </MigrationProcessBusinessObjectCSVMetadataVORow>
         <MigrationProcessBusinessObjectCSVMetadataVORow>
            <ProcessId>-999</ProcessId>
            <BusinessObjectShortName>ORA_DOO_ORCHESTRATION_PROCESS_LINE_STATUS_CONDITION</BusinessObjectShortName>
            <BatchName>StatusRuleSetASMSetupVO</BatchName>
            <XmlAttributeList>OrchestrationApplicationCode,StatusCode,NotifyFlag,CompleteFlag,SequenceNumber,StatusCode1,CreatedBy,LastUpdatedBy,ConditionDisplayTaskCode,EventEmailEnabledFlag</XmlAttributeList>
            <XmlAttributeTypeList>string,string,string,string,int,string,string,string,string,string</XmlAttributeTypeList>
            <XmlNodePath>/StatusRuleSetASMSetupVO/StatusRuleSetASMSetupVORow/LineStatusConditionsSetup1/LineStatusConditionsSetupVORow</XmlNodePath>
            <NodeSequence>13</NodeSequence>
         </MigrationProcessBusinessObjectCSVMetadataVORow>
      </MigrationProcessBusinessObjectCSVMetadata1>
      <MigrationProcessBatchCSVMetadata>
         <MigrationProcessBatchCSVMetadataVORow>
            <ProcessId>-999</ProcessId>
            <BatchName>RuleDictionarySetupVO</BatchName>
            <ImportSequence>0</ImportSequence>
            <ServiceName>oracle.apps.scm.doo.orchInfra.publicModel.setupService.OrchestrationProcessSetupService</ServiceName>
            <BatchSize>20</BatchSize>
         </MigrationProcessBatchCSVMetadataVORow>
         <MigrationProcessBatchCSVMetadataVORow>
            <ProcessId>-999</ProcessId>
            <BatchName>ProcessDefinitionSetupVO</BatchName>
            <ImportSequence>1</ImportSequence>
            <ServiceName>oracle.apps.scm.doo.orchInfra.publicModel.setupService.OrchestrationProcessSetupService</ServiceName>
            <BatchSize>200</BatchSize>
         </MigrationProcessBatchCSVMetadataVORow>
         <MigrationProcessBatchCSVMetadataVORow>
            <ProcessId>-999</ProcessId>
            <BatchName>ProcessStepDefinitionMigrationVO</BatchName>
            <ImportSequence>2</ImportSequence>
            <ServiceName>oracle.apps.scm.doo.orchInfra.publicModel.setupService.OrchestrationProcessSetupService</ServiceName>
            <BatchSize>200</BatchSize>
         </MigrationProcessBatchCSVMetadataVORow>
         <MigrationProcessBatchCSVMetadataVORow>
            <ProcessId>-999</ProcessId>
            <BatchName>StepDependencyMigrationVO</BatchName>
            <ImportSequence>3</ImportSequence>
            <ServiceName>oracle.apps.scm.doo.orchInfra.publicModel.setupService.OrchestrationProcessSetupService</ServiceName>
            <BatchSize>500</BatchSize>
         </MigrationProcessBatchCSVMetadataVORow>
         <MigrationProcessBatchCSVMetadataVORow>
            <ProcessId>-999</ProcessId>
            <BatchName>OrchestrationActivityDefinitionSetupVO</BatchName>
            <ImportSequence>4</ImportSequence>
            <ServiceName>oracle.apps.scm.doo.orchInfra.publicModel.setupService.OrchestrationProcessSetupService</ServiceName>
            <BatchSize>500</BatchSize>
         </MigrationProcessBatchCSVMetadataVORow>
         <MigrationProcessBatchCSVMetadataVORow>
            <ProcessId>-999</ProcessId>
            <BatchName>ProcessStatusConditionSetupVO</BatchName>
            <ImportSequence>5</ImportSequence>
            <ServiceName>oracle.apps.scm.doo.orchInfra.publicModel.setupService.OrchestrationProcessSetupService</ServiceName>
            <BatchSize>500</BatchSize>
         </MigrationProcessBatchCSVMetadataVORow>
         <MigrationProcessBatchCSVMetadataVORow>
            <ProcessId>-999</ProcessId>
            <BatchName>StatusRuleSetASMSetupVO</BatchName>
            <ImportSequence>6</ImportSequence>
            <ServiceName>oracle.apps.scm.doo.orchInfra.publicModel.setupService.OrchestrationProcessSetupService</ServiceName>
            <BatchSize>500</BatchSize>
         </MigrationProcessBatchCSVMetadataVORow>
         <MigrationProcessBatchCSVMetadataVORow>
            <ProcessId>-999</ProcessId>
            <BatchName>StatusRuleSetAssignmentSetupVO</BatchName>
            <ImportSequence>7</ImportSequence>
            <ServiceName>oracle.apps.scm.doo.orchInfra.publicModel.setupService.OrchestrationProcessSetupService</ServiceName>
            <BatchSize>500</BatchSize>
         </MigrationProcessBatchCSVMetadataVORow>
      </MigrationProcessBatchCSVMetadata>
      <MigrationProcessScopeValueCSVMetadata>
         <MigrationProcessScopeValueCSVMetadataVORow>
            <ProcessId>-999</ProcessId>
            <MigScopeValueSetId>100001933992288</MigScopeValueSetId>
            <BusinessObjectShortName>ORA_DOO_TRANS_ORCH_PROCC_STEP_DEF</BusinessObjectShortName>
            <ScopeValueBoAttributeId>orchestrationApplicationId</ScopeValueBoAttributeId>
            <ScopeValueBoAttributeValue>10008</ScopeValueBoAttributeValue>
            <ScopeValueBoAttributeValueCode>10008</ScopeValueBoAttributeValueCode>
         </MigrationProcessScopeValueCSVMetadataVORow>
         <MigrationProcessScopeValueCSVMetadataVORow>
            <ProcessId>-999</ProcessId>
            <MigScopeValueSetId>100001933992288</MigScopeValueSetId>
            <BusinessObjectShortName>ORA_DOO_TRANS_ORCH_PROCC_STEP_DEF</BusinessObjectShortName>
            <ScopeValueBoAttributeId>applicationCode</ScopeValueBoAttributeId>
            <ScopeValueBoAttributeValue>DOO</ScopeValueBoAttributeValue>
            <ScopeValueBoAttributeValueCode>DOO</ScopeValueBoAttributeValueCode>
         </MigrationProcessScopeValueCSVMetadataVORow>
         <MigrationProcessScopeValueCSVMetadataVORow>
            <ProcessId>-999</ProcessId>
            <MigScopeValueSetId>100001933992285</MigScopeValueSetId>
            <BusinessObjectShortName>ORA_DOO_TRANS_ORCH_PROCC_ACTV</BusinessObjectShortName>
            <ScopeValueBoAttributeId>orchestrationApplicationId</ScopeValueBoAttributeId>
            <ScopeValueBoAttributeValue>10008</ScopeValueBoAttributeValue>
            <ScopeValueBoAttributeValueCode>10008</ScopeValueBoAttributeValueCode>
         </MigrationProcessScopeValueCSVMetadataVORow>
         <MigrationProcessScopeValueCSVMetadataVORow>
            <ProcessId>-999</ProcessId>
            <MigScopeValueSetId>100001933992285</MigScopeValueSetId>
            <BusinessObjectShortName>ORA_DOO_TRANS_ORCH_PROCC_ACTV</BusinessObjectShortName>
            <ScopeValueBoAttributeId>applicationCode</ScopeValueBoAttributeId>
            <ScopeValueBoAttributeValue>DOO</ScopeValueBoAttributeValue>
            <ScopeValueBoAttributeValueCode>DOO</ScopeValueBoAttributeValueCode>
         </MigrationProcessScopeValueCSVMetadataVORow>
         <MigrationProcessScopeValueCSVMetadataVORow>
            <ProcessId>-999</ProcessId>
            <MigScopeValueSetId>100001933992282</MigScopeValueSetId>
            <BusinessObjectShortName>ORA_DOO_ORCHESTRATION_PROCESS_TRANS</BusinessObjectShortName>
            <ScopeValueBoAttributeId>orchestrationApplicationId</ScopeValueBoAttributeId>
            <ScopeValueBoAttributeValue>10008</ScopeValueBoAttributeValue>
            <ScopeValueBoAttributeValueCode>10008</ScopeValueBoAttributeValueCode>
         </MigrationProcessScopeValueCSVMetadataVORow>
         <MigrationProcessScopeValueCSVMetadataVORow>
            <ProcessId>-999</ProcessId>
            <MigScopeValueSetId>100001933992282</MigScopeValueSetId>
            <BusinessObjectShortName>ORA_DOO_ORCHESTRATION_PROCESS_TRANS</BusinessObjectShortName>
            <ScopeValueBoAttributeId>applicationCode</ScopeValueBoAttributeId>
            <ScopeValueBoAttributeValue>DOO</ScopeValueBoAttributeValue>
            <ScopeValueBoAttributeValueCode>DOO</ScopeValueBoAttributeValueCode>
         </MigrationProcessScopeValueCSVMetadataVORow>
         <MigrationProcessScopeValueCSVMetadataVORow>
            <ProcessId>-999</ProcessId>
            <MigScopeValueSetId>100001933992279</MigScopeValueSetId>
            <BusinessObjectShortName>ORA_DOO_ORCHESTRATION_PROCESS_STATUS_RULE_SET_TRANS</BusinessObjectShortName>
            <ScopeValueBoAttributeId>orchestrationApplicationId</ScopeValueBoAttributeId>
            <ScopeValueBoAttributeValue>10008</ScopeValueBoAttributeValue>
            <ScopeValueBoAttributeValueCode>10008</ScopeValueBoAttributeValueCode>
         </MigrationProcessScopeValueCSVMetadataVORow>
         <MigrationProcessScopeValueCSVMetadataVORow>
            <ProcessId>-999</ProcessId>
            <MigScopeValueSetId>100001933992279</MigScopeValueSetId>
            <BusinessObjectShortName>ORA_DOO_ORCHESTRATION_PROCESS_STATUS_RULE_SET_TRANS</BusinessObjectShortName>
            <ScopeValueBoAttributeId>applicationCode</ScopeValueBoAttributeId>
            <ScopeValueBoAttributeValue>DOO</ScopeValueBoAttributeValue>
            <ScopeValueBoAttributeValueCode>DOO</ScopeValueBoAttributeValueCode>
         </MigrationProcessScopeValueCSVMetadataVORow>
         <MigrationProcessScopeValueCSVMetadataVORow>
            <ProcessId>-999</ProcessId>
            <MigScopeValueSetId>100001933992276</MigScopeValueSetId>
            <BusinessObjectShortName>ORA_DOO_ORCHESTRATION_STEP_DEPENDENCY</BusinessObjectShortName>
            <ScopeValueBoAttributeId>orchestrationApplicationId</ScopeValueBoAttributeId>
            <ScopeValueBoAttributeValue>10008</ScopeValueBoAttributeValue>
            <ScopeValueBoAttributeValueCode>10008</ScopeValueBoAttributeValueCode>
         </MigrationProcessScopeValueCSVMetadataVORow>
         <MigrationProcessScopeValueCSVMetadataVORow>
            <ProcessId>-999</ProcessId>
            <MigScopeValueSetId>100001933992276</MigScopeValueSetId>
            <BusinessObjectShortName>ORA_DOO_ORCHESTRATION_STEP_DEPENDENCY</BusinessObjectShortName>
            <ScopeValueBoAttributeId>applicationCode</ScopeValueBoAttributeId>
            <ScopeValueBoAttributeValue>DOO</ScopeValueBoAttributeValue>
            <ScopeValueBoAttributeValueCode>DOO</ScopeValueBoAttributeValueCode>
         </MigrationProcessScopeValueCSVMetadataVORow>
         <MigrationProcessScopeValueCSVMetadataVORow>
            <ProcessId>-999</ProcessId>
            <MigScopeValueSetId>100001933992273</MigScopeValueSetId>
            <BusinessObjectShortName>ORA_DOO_ORCHESTRATION_PROCESS_STEP_DEFINITION</BusinessObjectShortName>
            <ScopeValueBoAttributeId>orchestrationApplicationId</ScopeValueBoAttributeId>
            <ScopeValueBoAttributeValue>10008</ScopeValueBoAttributeValue>
            <ScopeValueBoAttributeValueCode>10008</ScopeValueBoAttributeValueCode>
         </MigrationProcessScopeValueCSVMetadataVORow>
         <MigrationProcessScopeValueCSVMetadataVORow>
            <ProcessId>-999</ProcessId>
            <MigScopeValueSetId>100001933992273</MigScopeValueSetId>
            <BusinessObjectShortName>ORA_DOO_ORCHESTRATION_PROCESS_STEP_DEFINITION</BusinessObjectShortName>
            <ScopeValueBoAttributeId>applicationCode</ScopeValueBoAttributeId>
            <ScopeValueBoAttributeValue>DOO</ScopeValueBoAttributeValue>
            <ScopeValueBoAttributeValueCode>DOO</ScopeValueBoAttributeValueCode>
         </MigrationProcessScopeValueCSVMetadataVORow>
         <MigrationProcessScopeValueCSVMetadataVORow>
            <ProcessId>-999</ProcessId>
            <MigScopeValueSetId>100001933992270</MigScopeValueSetId>
            <BusinessObjectShortName>ORA_DOO_ORCHESTRATION_PROCESS_STATUS_RULE_SET_ASSIGN</BusinessObjectShortName>
            <ScopeValueBoAttributeId>orchestrationApplicationId</ScopeValueBoAttributeId>
            <ScopeValueBoAttributeValue>10008</ScopeValueBoAttributeValue>
            <ScopeValueBoAttributeValueCode>10008</ScopeValueBoAttributeValueCode>
         </MigrationProcessScopeValueCSVMetadataVORow>
         <MigrationProcessScopeValueCSVMetadataVORow>
            <ProcessId>-999</ProcessId>
            <MigScopeValueSetId>100001933992270</MigScopeValueSetId>
            <BusinessObjectShortName>ORA_DOO_ORCHESTRATION_PROCESS_STATUS_RULE_SET_ASSIGN</BusinessObjectShortName>
            <ScopeValueBoAttributeId>applicationCode</ScopeValueBoAttributeId>
            <ScopeValueBoAttributeValue>DOO</ScopeValueBoAttributeValue>
            <ScopeValueBoAttributeValueCode>DOO</ScopeValueBoAttributeValueCode>
         </MigrationProcessScopeValueCSVMetadataVORow>
         <MigrationProcessScopeValueCSVMetadataVORow>
            <ProcessId>-999</ProcessId>
            <MigScopeValueSetId>100001933992267</MigScopeValueSetId>
            <BusinessObjectShortName>ORA_DOO_ORCHESTRATION_PROCESS_STATUS_RULE_SET</BusinessObjectShortName>
            <ScopeValueBoAttributeId>orchestrationApplicationId</ScopeValueBoAttributeId>
            <ScopeValueBoAttributeValue>10008</ScopeValueBoAttributeValue>
            <ScopeValueBoAttributeValueCode>10008</ScopeValueBoAttributeValueCode>
         </MigrationProcessScopeValueCSVMetadataVORow>
         <MigrationProcessScopeValueCSVMetadataVORow>
            <ProcessId>-999</ProcessId>
            <MigScopeValueSetId>100001933992267</MigScopeValueSetId>
            <BusinessObjectShortName>ORA_DOO_ORCHESTRATION_PROCESS_STATUS_RULE_SET</BusinessObjectShortName>
            <ScopeValueBoAttributeId>applicationCode</ScopeValueBoAttributeId>
            <ScopeValueBoAttributeValue>DOO</ScopeValueBoAttributeValue>
            <ScopeValueBoAttributeValueCode>DOO</ScopeValueBoAttributeValueCode>
         </MigrationProcessScopeValueCSVMetadataVORow>
         <MigrationProcessScopeValueCSVMetadataVORow>
            <ProcessId>-999</ProcessId>
            <MigScopeValueSetId>100001933992264</MigScopeValueSetId>
            <BusinessObjectShortName>ORA_DOO_ORCHESTRATION_PROCESS_STATUS_COND</BusinessObjectShortName>
            <ScopeValueBoAttributeId>orchestrationApplicationId</ScopeValueBoAttributeId>
            <ScopeValueBoAttributeValue>10008</ScopeValueBoAttributeValue>
            <ScopeValueBoAttributeValueCode>10008</ScopeValueBoAttributeValueCode>
         </MigrationProcessScopeValueCSVMetadataVORow>
         <MigrationProcessScopeValueCSVMetadataVORow>
            <ProcessId>-999</ProcessId>
            <MigScopeValueSetId>100001933992264</MigScopeValueSetId>
            <BusinessObjectShortName>ORA_DOO_ORCHESTRATION_PROCESS_STATUS_COND</BusinessObjectShortName>
            <ScopeValueBoAttributeId>applicationCode</ScopeValueBoAttributeId>
            <ScopeValueBoAttributeValue>DOO</ScopeValueBoAttributeValue>
            <ScopeValueBoAttributeValueCode>DOO</ScopeValueBoAttributeValueCode>
         </MigrationProcessScopeValueCSVMetadataVORow>
         <MigrationProcessScopeValueCSVMetadataVORow>
            <ProcessId>-999</ProcessId>
            <MigScopeValueSetId>100001933992261</MigScopeValueSetId>
            <BusinessObjectShortName>ORA_DOO_ORCHESTRATION_PROCESS_RULE_DICTIONARY</BusinessObjectShortName>
            <ScopeValueBoAttributeId>orchestrationApplicationId</ScopeValueBoAttributeId>
            <ScopeValueBoAttributeValue>10008</ScopeValueBoAttributeValue>
            <ScopeValueBoAttributeValueCode>10008</ScopeValueBoAttributeValueCode>
         </MigrationProcessScopeValueCSVMetadataVORow>
         <MigrationProcessScopeValueCSVMetadataVORow>
            <ProcessId>-999</ProcessId>
            <MigScopeValueSetId>100001933992261</MigScopeValueSetId>
            <BusinessObjectShortName>ORA_DOO_ORCHESTRATION_PROCESS_RULE_DICTIONARY</BusinessObjectShortName>
            <ScopeValueBoAttributeId>applicationCode</ScopeValueBoAttributeId>
            <ScopeValueBoAttributeValue>DOO</ScopeValueBoAttributeValue>
            <ScopeValueBoAttributeValueCode>DOO</ScopeValueBoAttributeValueCode>
         </MigrationProcessScopeValueCSVMetadataVORow>
         <MigrationProcessScopeValueCSVMetadataVORow>
            <ProcessId>-999</ProcessId>
            <MigScopeValueSetId>100001933992258</MigScopeValueSetId>
            <BusinessObjectShortName>ORA_DOO_ORCHESTRATION_PROCESS_MIGRATION</BusinessObjectShortName>
            <ScopeValueBoAttributeId>orchestrationApplicationId</ScopeValueBoAttributeId>
            <ScopeValueBoAttributeValue>10008</ScopeValueBoAttributeValue>
            <ScopeValueBoAttributeValueCode>10008</ScopeValueBoAttributeValueCode>
         </MigrationProcessScopeValueCSVMetadataVORow>
         <MigrationProcessScopeValueCSVMetadataVORow>
            <ProcessId>-999</ProcessId>
            <MigScopeValueSetId>100001933992258</MigScopeValueSetId>
            <BusinessObjectShortName>ORA_DOO_ORCHESTRATION_PROCESS_MIGRATION</BusinessObjectShortName>
            <ScopeValueBoAttributeId>applicationCode</ScopeValueBoAttributeId>
            <ScopeValueBoAttributeValue>DOO</ScopeValueBoAttributeValue>
            <ScopeValueBoAttributeValueCode>DOO</ScopeValueBoAttributeValueCode>
         </MigrationProcessScopeValueCSVMetadataVORow>
         <MigrationProcessScopeValueCSVMetadataVORow>
            <ProcessId>-999</ProcessId>
            <MigScopeValueSetId>100001933992255</MigScopeValueSetId>
            <BusinessObjectShortName>ORA_DOO_ORCHESTRATION_PROCESS_LINE_STATUS_CONDITION</BusinessObjectShortName>
            <ScopeValueBoAttributeId>orchestrationApplicationId</ScopeValueBoAttributeId>
            <ScopeValueBoAttributeValue>10008</ScopeValueBoAttributeValue>
            <ScopeValueBoAttributeValueCode>10008</ScopeValueBoAttributeValueCode>
         </MigrationProcessScopeValueCSVMetadataVORow>
         <MigrationProcessScopeValueCSVMetadataVORow>
            <ProcessId>-999</ProcessId>
            <MigScopeValueSetId>100001933992255</MigScopeValueSetId>
            <BusinessObjectShortName>ORA_DOO_ORCHESTRATION_PROCESS_LINE_STATUS_CONDITION</BusinessObjectShortName>
            <ScopeValueBoAttributeId>applicationCode</ScopeValueBoAttributeId>
            <ScopeValueBoAttributeValue>DOO</ScopeValueBoAttributeValue>
            <ScopeValueBoAttributeValueCode>DOO</ScopeValueBoAttributeValueCode>
         </MigrationProcessScopeValueCSVMetadataVORow>
         <MigrationProcessScopeValueCSVMetadataVORow>
            <ProcessId>-999</ProcessId>
            <MigScopeValueSetId>100001933992252</MigScopeValueSetId>
            <BusinessObjectShortName>ORA_DOO_ORCHESTRATION_PROCESS_ACTIVITY</BusinessObjectShortName>
            <ScopeValueBoAttributeId>orchestrationApplicationId</ScopeValueBoAttributeId>
            <ScopeValueBoAttributeValue>10008</ScopeValueBoAttributeValue>
            <ScopeValueBoAttributeValueCode>10008</ScopeValueBoAttributeValueCode>
         </MigrationProcessScopeValueCSVMetadataVORow>
         <MigrationProcessScopeValueCSVMetadataVORow>
            <ProcessId>-999</ProcessId>
            <MigScopeValueSetId>100001933992252</MigScopeValueSetId>
            <BusinessObjectShortName>ORA_DOO_ORCHESTRATION_PROCESS_ACTIVITY</BusinessObjectShortName>
            <ScopeValueBoAttributeId>applicationCode</ScopeValueBoAttributeId>
            <ScopeValueBoAttributeValue>DOO</ScopeValueBoAttributeValue>
            <ScopeValueBoAttributeValueCode>DOO</ScopeValueBoAttributeValueCode>
         </MigrationProcessScopeValueCSVMetadataVORow>
         <MigrationProcessScopeValueCSVMetadataVORow>
            <ProcessId>-999</ProcessId>
            <MigScopeValueSetId>100001933992249</MigScopeValueSetId>
            <BusinessObjectShortName>DOO_ORCHESTRATION_PROCESS</BusinessObjectShortName>
            <ScopeValueBoAttributeId>orchestrationApplicationId</ScopeValueBoAttributeId>
            <ScopeValueBoAttributeValue>10008</ScopeValueBoAttributeValue>
            <ScopeValueBoAttributeValueCode>10008</ScopeValueBoAttributeValueCode>
         </MigrationProcessScopeValueCSVMetadataVORow>
         <MigrationProcessScopeValueCSVMetadataVORow>
            <ProcessId>-999</ProcessId>
            <MigScopeValueSetId>100001933992249</MigScopeValueSetId>
            <BusinessObjectShortName>DOO_ORCHESTRATION_PROCESS</BusinessObjectShortName>
            <ScopeValueBoAttributeId>applicationCode</ScopeValueBoAttributeId>
            <ScopeValueBoAttributeValue>DOO</ScopeValueBoAttributeValue>
            <ScopeValueBoAttributeValueCode>DOO</ScopeValueBoAttributeValueCode>
         </MigrationProcessScopeValueCSVMetadataVORow>
      </MigrationProcessScopeValueCSVMetadata>
      <MigrationProcessMigrationObjectCSVMetadata>
         <MigrationProcessMigrationObjectCSVMetadataVORow>
            <ProcessId>-999</ProcessId>
            <BusinessObjectShortName>DOO_ORCHESTRATION_PROCESS</BusinessObjectShortName>
            <MigrateFlag>Y</MigrateFlag>
            <IncludeExternalDataFlag>Y</IncludeExternalDataFlag>
         </MigrationProcessMigrationObjectCSVMetadataVORow>
         <MigrationProcessMigrationObjectCSVMetadataVORow>
            <ProcessId>-999</ProcessId>
            <BusinessObjectShortName>ORA_DOO_ORCHESTRATION_PROCESS_ACTIVITY</BusinessObjectShortName>
            <MigrateFlag>Y</MigrateFlag>
            <IncludeExternalDataFlag>Y</IncludeExternalDataFlag>
         </MigrationProcessMigrationObjectCSVMetadataVORow>
         <MigrationProcessMigrationObjectCSVMetadataVORow>
            <ProcessId>-999</ProcessId>
            <BusinessObjectShortName>ORA_DOO_ORCHESTRATION_PROCESS_LINE_STATUS_CONDITION</BusinessObjectShortName>
            <MigrateFlag>Y</MigrateFlag>
            <IncludeExternalDataFlag>Y</IncludeExternalDataFlag>
         </MigrationProcessMigrationObjectCSVMetadataVORow>
         <MigrationProcessMigrationObjectCSVMetadataVORow>
            <ProcessId>-999</ProcessId>
            <BusinessObjectShortName>ORA_DOO_ORCHESTRATION_PROCESS_MIGRATION</BusinessObjectShortName>
            <MigrateFlag>Y</MigrateFlag>
            <IncludeExternalDataFlag>Y</IncludeExternalDataFlag>
         </MigrationProcessMigrationObjectCSVMetadataVORow>
         <MigrationProcessMigrationObjectCSVMetadataVORow>
            <ProcessId>-999</ProcessId>
            <BusinessObjectShortName>ORA_DOO_ORCHESTRATION_PROCESS_RULE_DICTIONARY</BusinessObjectShortName>
            <MigrateFlag>Y</MigrateFlag>
            <IncludeExternalDataFlag>Y</IncludeExternalDataFlag>
         </MigrationProcessMigrationObjectCSVMetadataVORow>
         <MigrationProcessMigrationObjectCSVMetadataVORow>
            <ProcessId>-999</ProcessId>
            <BusinessObjectShortName>ORA_DOO_ORCHESTRATION_PROCESS_STATUS_COND</BusinessObjectShortName>
            <MigrateFlag>Y</MigrateFlag>
            <IncludeExternalDataFlag>Y</IncludeExternalDataFlag>
         </MigrationProcessMigrationObjectCSVMetadataVORow>
         <MigrationProcessMigrationObjectCSVMetadataVORow>
            <ProcessId>-999</ProcessId>
            <BusinessObjectShortName>ORA_DOO_ORCHESTRATION_PROCESS_STATUS_RULE_SET</BusinessObjectShortName>
            <MigrateFlag>Y</MigrateFlag>
            <IncludeExternalDataFlag>Y</IncludeExternalDataFlag>
         </MigrationProcessMigrationObjectCSVMetadataVORow>
         <MigrationProcessMigrationObjectCSVMetadataVORow>
            <ProcessId>-999</ProcessId>
            <BusinessObjectShortName>ORA_DOO_ORCHESTRATION_PROCESS_STATUS_RULE_SET_ASSIGN</BusinessObjectShortName>
            <MigrateFlag>Y</MigrateFlag>
            <IncludeExternalDataFlag>Y</IncludeExternalDataFlag>
         </MigrationProcessMigrationObjectCSVMetadataVORow>
         <MigrationProcessMigrationObjectCSVMetadataVORow>
            <ProcessId>-999</ProcessId>
            <BusinessObjectShortName>ORA_DOO_ORCHESTRATION_PROCESS_STATUS_RULE_SET_TRANS</BusinessObjectShortName>
            <MigrateFlag>Y</MigrateFlag>
            <IncludeExternalDataFlag>Y</IncludeExternalDataFlag>
         </MigrationProcessMigrationObjectCSVMetadataVORow>
         <MigrationProcessMigrationObjectCSVMetadataVORow>
            <ProcessId>-999</ProcessId>
            <BusinessObjectShortName>ORA_DOO_ORCHESTRATION_PROCESS_STEP_DEFINITION</BusinessObjectShortName>
            <MigrateFlag>Y</MigrateFlag>
            <IncludeExternalDataFlag>Y</IncludeExternalDataFlag>
         </MigrationProcessMigrationObjectCSVMetadataVORow>
         <MigrationProcessMigrationObjectCSVMetadataVORow>
            <ProcessId>-999</ProcessId>
            <BusinessObjectShortName>ORA_DOO_ORCHESTRATION_PROCESS_TRANS</BusinessObjectShortName>
            <MigrateFlag>Y</MigrateFlag>
            <IncludeExternalDataFlag>Y</IncludeExternalDataFlag>
         </MigrationProcessMigrationObjectCSVMetadataVORow>
         <MigrationProcessMigrationObjectCSVMetadataVORow>
            <ProcessId>-999</ProcessId>
            <BusinessObjectShortName>ORA_DOO_ORCHESTRATION_STEP_DEPENDENCY</BusinessObjectShortName>
            <MigrateFlag>Y</MigrateFlag>
            <IncludeExternalDataFlag>Y</IncludeExternalDataFlag>
         </MigrationProcessMigrationObjectCSVMetadataVORow>
         <MigrationProcessMigrationObjectCSVMetadataVORow>
            <ProcessId>-999</ProcessId>
            <BusinessObjectShortName>ORA_DOO_TRANS_ORCH_PROCC_ACTV</BusinessObjectShortName>
            <MigrateFlag>Y</MigrateFlag>
            <IncludeExternalDataFlag>Y</IncludeExternalDataFlag>
         </MigrationProcessMigrationObjectCSVMetadataVORow>
         <MigrationProcessMigrationObjectCSVMetadataVORow>
            <ProcessId>-999</ProcessId>
            <BusinessObjectShortName>ORA_DOO_TRANS_ORCH_PROCC_STEP_DEF</BusinessObjectShortName>
            <MigrateFlag>Y</MigrateFlag>
            <IncludeExternalDataFlag>Y</IncludeExternalDataFlag>
         </MigrationProcessMigrationObjectCSVMetadataVORow>
      </MigrationProcessMigrationObjectCSVMetadata>
      <MigrationProcessTaskCSVMetadata null="true"/>
      <MigrationProcessServiceVersionCSVMetadata null="true"/>
   </MigrationProcessCSVMetadataVORow>
</MigrationProcessCSVMetadataVO>