<MigrationProcessCSVMetadataVO>
   <MigrationProcessCSVMetadataVORow>
      <ProcessId>-999</ProcessId>
      <ProcessName>Manage Banks_20240521_084647_919</ProcessName>
      <ProcessDescription>Manage Banks_20240521_084647_919</ProcessDescription>
      <ProcessDate>2024-05-21 08:47:27.475</ProcessDate>
      <ObjectShortName>CE_MANAGE_BANKS</ObjectShortName>
      <ObjectType>TASK</ObjectType>
      <CreatedByFlow>TASK_CSV_SERVICE</CreatedByFlow>
      <ProcessType>EXPORT</ProcessType>
      <ProcessStatus>COMPLETED</ProcessStatus>
      <ProcessEnv>esds-dev9</ProcessEnv>
      <ProcessStartDate>2024-05-21 08:46:47.84</ProcessStartDate>
      <ProcessEndDate>2024-05-21 08:47:27.475</ProcessEndDate>
      <ProcessRelease>11.13.24.04.0</ProcessRelease>
      <SubmittedBy>CURTIS.FEITTY</SubmittedBy>
      <ESSRequestId>7706452</ESSRequestId>
      <MigrationProcessBusinessObjectCSVMetadata1>
         <MigrationProcessBusinessObjectCSVMetadataVORow>
            <ProcessId>-999</ProcessId>
            <BusinessObjectShortName>CE_BANK_INFO</BusinessObjectShortName>
            <BatchName>BankVO</BatchName>
            <XmlAttributeList>HomeCountry,BankName,BankNameAlt,BankNumber,StartDate,EndDate,Description,TaxpayerId,TaxRegistrationNumber,BankAdminEmail,SupressRowValidation,ValidateCountrySpecific,CreatedBy,CreationDate,LastUpdateDate,LastUpdateLogin,LastUpdatedBy</XmlAttributeList>
            <XmlAttributeTypeList>string,string,string,string,dateTime,dateTime,string,string,string,string,string,string,string,dateTime,dateTime,string,string</XmlAttributeTypeList>
            <XmlNodePath>/BankVO/BankVORow</XmlNodePath>
            <NodeSequence>1</NodeSequence>
         </MigrationProcessBusinessObjectCSVMetadataVORow>
      </MigrationProcessBusinessObjectCSVMetadata1>
      <MigrationProcessBatchCSVMetadata>
         <MigrationProcessBatchCSVMetadataVORow>
            <ProcessId>-999</ProcessId>
            <BatchName>BankVO</BatchName>
            <ImportSequence>0</ImportSequence>
            <ServiceName>oracle.apps.financials.cashManagement.bankRelationships.bankService.BankService</ServiceName>
            <BatchSize>100</BatchSize>
         </MigrationProcessBatchCSVMetadataVORow>
      </MigrationProcessBatchCSVMetadata>
      <MigrationProcessScopeValueCSVMetadata null="true"/>
      <MigrationProcessMigrationObjectCSVMetadata>
         <MigrationProcessMigrationObjectCSVMetadataVORow>
            <ProcessId>-999</ProcessId>
            <BusinessObjectShortName>CE_BANK_INFO</BusinessObjectShortName>
            <MigrateFlag>Y</MigrateFlag>
            <IncludeExternalDataFlag>Y</IncludeExternalDataFlag>
         </MigrationProcessMigrationObjectCSVMetadataVORow>
      </MigrationProcessMigrationObjectCSVMetadata>
      <MigrationProcessTaskCSVMetadata null="true"/>
      <MigrationProcessServiceVersionCSVMetadata null="true"/>
   </MigrationProcessCSVMetadataVORow>
</MigrationProcessCSVMetadataVO>