"DooProcessVersion","ProcessName","OrchestrationApplicationCode","MainProcessFlag","CompositeNameSpace","DeployedBpelVersion","EffectiveEndDate","EffectiveStartDate","EssFlag","ProcessReleaseStatusCode","ReplanFlag","UseDynamicAttrInDeltaComp","UseFlexAttrInDeltaComp","CostOfChangeRlsId","CostOfChangeRlsName","CreatedBy","LastUpdatedBy","SetCode","RuleDictionaryName","RuleDictionaryVersion","ChangeManagementMode","CatalogCode","ExecutionTypeCode","ProcessIdentifier","ProcessClassCode","OrchestrationTypeCode","MetadataOrchFlag"
"1","ShipOrderGenericProcess","DOO","Y","","3","","2009/05/03","Y","RELEASED","Y","Y","Y","ShipOrderGenericProcess_COC_RS","Ruleset to calculate cost of change value for this process","SEED_DATA_FROM_APPLICATION","-1","COMMON","","","ADVANCED","","","","DOO_Ship_Order_Class","",""
"1","ReturnOrderGenericProcess","DOO","Y","","3","","2009/05/03","Y","RELEASED","Y","Y","Y","ReturnOrderGenericProcess_COC_RS","Ruleset to calculate cost of change value for this process","SEED_DATA_FROM_APPLICATION","-1","COMMON","","","ADVANCED","","","","DOO_Return_Order_Class","",""
"1","ClickShipCollect3","DOO","Y","","","2014/03/21","2014/01/31","N","REJECTED","Y","Y","Y","","","SCM_IMPL","SCM_IMPL","COMMON","TempDictDuringDuplicate300000049924496","1","ADVANCED","","","","Retail Order Class","",""
"2","ClickShipCollect2","DOO","Y","","5","","2014/03/21","N","RELEASED","Y","Y","Y","","","SCM_IMPL","SCM_IMPL","COMMON","TempDictDuringRevise300000074117970","1","ADVANCED","","","","Retail Order Class","",""
"1","ClickShipCollect4","DOO","Y","","6","","2014/08/19","N","RELEASED","Y","Y","Y","","","SCM_IMPL","SCM_IMPL","COMMON","TempDictDuringDuplicate300000085293589","1","ADVANCED","","","","Retail Order Class","",""
"1","CustomDOO_GSE_Asset_OrderFulfillmentGenericProcess","DOO","Y","","3","","2017/11/06","N","RELEASED","Y","Y","Y","ShipOrderGenericProcess_COC_RS","Ruleset to calculate cost of change value for this process","SCM_IMPL","SCM_IMPL","COMMON","TempDictDuringDuplicate300000157064724","1","ADVANCED","","","","GSE_DOO_DROP_SHIPMENT_AND_BACK_TO_BACK_ORDER_CLASS","",""
"1","CustomDOO_CloseOrder","DOO","Y","","3","","2018/01/03","N","RELEASED","N","N","N","","","SCM_IMPL","SCM_IMPL","COMMON","CustomDOO_CloseOrder_300000162740086","1","ADVANCED","","","","DOO_Ship_Order_Class","",""
"1","CustomDOO_GSE_GOP_OrderFulfillmentGenericProcess","DOO","Y","","3","","2020/04/15","N","RELEASED","Y","Y","Y","ShipOrderGenericProcess_COC_RS","Ruleset to calculate cost of change value for this process","SCM_IMPL","SCM_IMPL","COMMON","TempDictDuringDuplicate300000201234955","1","ADVANCED","","","","GSE_DOO_DROP_SHIPMENT_AND_BACK_TO_BACK_ORDER_CLASS","",""
"1","CustomDOO_GSE_PDSC_Asset_OrderFulfillmentGenericProcess","DOO","Y","","3","","2020/05/04","N","RELEASED","Y","Y","Y","ShipOrderGenericProcess_COC_RS","Ruleset to calculate cost of change value for this process","SCM_IMPL","SCM_IMPL","COMMON","TempDictDuringDuplicate300000201743750","1","ADVANCED","","","","GSE_DOO_DROP_SHIPMENT_AND_BACK_TO_BACK_ORDER_CLASS","",""
"1","DOO_OrderFulfillmentGenericProcess","DOO","Y","","4","","2014/01/10","Y","RELEASED","Y","Y","Y","ShipOrderGenericProcess_COC_RS","Ruleset to calculate cost of change value for this process","SEED_DATA_FROM_APPLICATION","SCM_IMPL","COMMON","","","ADVANCED","","","","DOO_DROP_SHIPMENT_AND_BACK_TO_BACK_ORDER_CLASS","",""
"1","DOO_BillOnlyGenericProcess","DOO","Y","","","","2014/09/04","N","RELEASED","N","N","N","","","SEED_DATA_FROM_APPLICATION","-1","COMMON","","","ADVANCED","","","","DOO_Ship_Order_Class","",""
"1","CustomDOO_GSE_Asset_ReturnOrderGenericProcess","DOO","Y","","3","","2018/01/02","N","RELEASED","Y","Y","Y","ReturnOrderGenericProcess_COC_RS","Ruleset to calculate cost of change value for this process","SCM_IMPL","SCM_IMPL","COMMON","TempDictDuringDuplicate300000162739870","1","ADVANCED","","","","GSE_DOO_Return_Order_Class","",""
"1","ManualShipOrderGenericProcess","DOO","Y","","7","","2013/12/17","N","RELEASED","Y","Y","Y","ShipOrderGenericProcess_COC_RS","Ruleset to calculate cost of change value for this process","SCM_IMPL","SCM_IMPL","COMMON","TempDictDuringDuplicate300000049374111","1","ADVANCED","","","","DOO_Ship_Order_Class","",""
"1","ClickShipCollect1","DOO","Y","","","2014/03/21","2013/12/17","N","REJECTED","Y","Y","Y","","","SCM_IMPL","SCM_IMPL","COMMON","ClickShipCollect1_300000049374183","1","ADVANCED","","","","Retail Order Class","",""
"1","ShipOrderProcess","DOO","Y","","5","","2013/12/18","N","RELEASED","Y","Y","Y","ShipOrderGenericProcess_COC_RS","Ruleset to calculate cost of change value for this process","SCM_IMPL","SCM_IMPL","COMMON","TempDictDuringDuplicate300000049647480","1","ADVANCED","","","","DOO_Ship_Order_Class","",""
"1","ClickShipCollect2","DOO","Y","","","2014/03/21","2013/12/23","N","REJECTED","Y","Y","Y","","","SCM_IMPL","SCM_IMPL","COMMON","TempDictDuringDuplicate300000049648299","1","ADVANCED","","","","Retail Order Class","",""
"1","ShipOrderGenericProcessIA1","DOO","Y","","6","2014/08/14","2014/08/11","N","RELEASED","Y","Y","Y","ShipOrderGenericProcess_COC_RS","Ruleset to calculate cost of change value for this process","SCM_IMPL","SCM_IMPL","COMMON","TempDictDuringDuplicate300000079226598","1","ADVANCED","","","","GSE_Ship_Order_Class","",""
"1","ShipOrderGenericProcessSA1","DOO","Y","","6","","2014/08/21","N","RELEASED","Y","Y","Y","ShipOrderGenericProcess_COC_RS","Ruleset to calculate cost of change value for this process","SCM_IMPL","SCM_IMPL","COMMON","TempDictDuringDuplicate300000081497049","1","ADVANCED","","","","GSE_Ship_Order_Class","",""
"1","CustomDOO_GSEE360_OrderFulfillmentGenericProcess","DOO","Y","","3","","2019/02/15","N","RELEASED","Y","Y","Y","ShipOrderGenericProcess_COC_RS","Ruleset to calculate cost of change value for this process","SCM_IMPL","SCM_IMPL","COMMON","TempDictDuringDuplicate300000180379955","1","ADVANCED","","","","GSE_DOO_DROP_SHIPMENT_AND_BACK_TO_BACK_ORDER_CLASS","",""
"1","ShipOrderProcess1","DOO","Y","","5","","2014/02/03","N","RELEASED","Y","Y","Y","ShipOrderGenericProcess_COC_RS","Ruleset to calculate cost of change value for this process","SCM_IMPL","SCM_IMPL","COMMON","TempDictDuringDuplicate300000055603797","1","ADVANCED","","","","DOO_Ship_Order_Class","",""
"2","ClickShipCollect1","DOO","Y","","5","","2014/03/21","N","RELEASED","Y","Y","Y","","","SCM_IMPL","SCM_IMPL","COMMON","TempDictDuringRevise300000074117751","1","ADVANCED","","","","Retail Order Class","",""
"2","ClickShipCollect3","DOO","Y","","5","","2014/03/21","N","RELEASED","Y","Y","Y","","","SCM_IMPL","SCM_IMPL","COMMON","TempDictDuringRevise300000074118098","1","ADVANCED","","","","Retail Order Class","",""
"2","ShipOrderGenericProcessIA1","DOO","Y","","6","","2014/08/15","N","RELEASED","Y","Y","Y","ShipOrderGenericProcess_COC_RS","Ruleset to calculate cost of change value for this process","SCM_IMPL","SCM_IMPL","COMMON","TempDictDuringRevise300000081474473","1","ADVANCED","","","","GSE_Ship_Order_Class","",""
"1","CustomDOO_DS_DepotRepair_ShipOrderGenericProcess","DOO","Y","","3","2020/06/08","2020/05/29","N","REJECTED","Y","Y","Y","ShipOrderGenericProcess_COC_RS","Ruleset to calculate cost of change value for this process","SCM_IMPL","SCM_IMPL","COMMON","TempDictDuringDuplicate300000202699036","1","ADVANCED","","","","GSE_Ship_Order_Class","",""
"1","CustomDOO_DS_ShipOrderGenericProcess_Transportation_TEST_PAUSE_WITH_DELIVERY_STA","DOO","Y","","3","2020/10/13","2020/10/09","N","REJECTED","Y","Y","Y","ShipOrderGenericProcess_COC_RS","Ruleset to calculate cost of change value for this process","SCM_IMPL","SCM_IMPL","COMMON","TempDictDuringDuplicate300000206892706","1","ADVANCED","","","","DOO_Ship_Order_Class","",""
"1","CustomDOO_DS_ShipOrderGenericProcess_Transportation_FINAL","DOO","Y","","3","","2020/10/09","N","REJECTED","Y","Y","Y","ShipOrderGenericProcess_COC_RS","Ruleset to calculate cost of change value for this process","SCM_IMPL","SCM_IMPL","COMMON","TempDictDuringDuplicate300000207687100","1","ADVANCED","","","","DOO_Ship_Order_Class","",""
"1","CustomDOO_GSE_PDSC_Asset_ReturnOrderGenericProcess","DOO","Y","","4","","2021/02/11","N","RELEASED","Y","Y","Y","ReturnOrderGenericProcess_COC_RS","Ruleset to calculate cost of change value for this process","SCM_IMPL","SCM_IMPL","COMMON","TempDictDuringDuplicate300000219400972","1","ADVANCED","","","","GSE_DOO_Return_Order_Class","",""
"2","CustomDOO_DS_DepotRepair_ShipOrderGenericProcess","DOO","Y","","3","","2020/06/08","N","RELEASED","Y","Y","Y","ShipOrderGenericProcess_COC_RS","Ruleset to calculate cost of change value for this process","SCM_IMPL","SCM_IMPL","COMMON","TempDictDuringRevise300000202913208","1","ADVANCED","","","","GSE_Ship_Order_Class","",""
"1","CustomDOO_DS_ShipOrderGenericProcess_Transportation","DOO","Y","","4","","2020/07/30","N","RELEASED","Y","Y","Y","ShipOrderGenericProcess_COC_RS","Ruleset to calculate cost of change value for this process","SCM_IMPL","SCM_IMPL","COMMON","TempDictDuringDuplicate300000205393320","1","ADVANCED","","","","DOO_Ship_Order_Class","",""
"2","CustomDOO_DS_ShipOrderGenericProcess_Transportation_FINAL","DOO","Y","","4","","2020/10/09","N","RELEASED","Y","Y","Y","ShipOrderGenericProcess_COC_RS","Ruleset to calculate cost of change value for this process","SCM_IMPL","SCM_IMPL","COMMON","TempDictDuringRevise300000212289671","1","ADVANCED","","","","DOO_Ship_Order_Class","",""
"1","CustomDOO_ClickShipCollectCopyCopy","DOO","Y","","3","","2023/12/28","N","REJECTED","Y","Y","Y","","","CURTIS.FEITTY","CURTIS.FEITTY","COMMON","TempDictDuringDuplicate300000259783486","1","ADVANCED","","","","Retail Order Class","",""
"2","CustomDOO_ClickShipCollectCopyCopy","DOO","Y","","3","","2023/12/28","N","RELEASED","Y","Y","Y","","","CURTIS.FEITTY","CURTIS.FEITTY","COMMON","TempDictDuringRevise300000259783741","1","ADVANCED","","","","Retail Order Class","",""
